{
  "video_paths": [
    "C:\\Users\\Petro 4 - PC II\\OneDrive - UFSC\\LVA_Petro_Mu\\apriltag_live\\L50_01.mp4",
    "C:\\Users\\Petro 4 - PC II\\OneDrive - UFSC\\LVA_Petro_Mu\\apriltag_live\\L50_02.mp4"
  ],
  "image_size": {
    "width": 1920,
    "height": 1080
  },
  "apriltag": {
    "family": "tag36h11",
    "id": 35,
    "tag_size_mm": 28.0
  },
  "selection": {
    "process_every_n_frames": 1,
    "min_tag_width_px": 220.0,
    "min_sharp_abs": 12.0,
    "top_sharpness_keep": 0.7,
    "grid_n": 3,
    "per_cell_keep": 120,
    "target_views": 120,
    "diversity_alpha": 0.9,
    "subpix_win": 11,
    "min_grid_ok": 5,
    "max_calib_views": 35,
    "min_frame_gap": 8,
    "seed_views": 30,
    "seed_min_sharp": 15.0,
    "seed_min_width_px": 240.0
  },
  "calibration": {
    "rms_px": 1.5864637263526933,
    "K": [
      [
        25053.30584344891,
        0.0,
        872.3380000192627
      ],
      [
        0.0,
        18557.801135023212,
        637.8210998410802
      ],
      [
        0.0,
        0.0,
        1.0
      ]
    ],
    "dist": [
      0.0,
      0.0,
      0.0,
      0.0,
      0.0
    ],
    "per_view_error_px": [
      2.329218864440918,
      0.6384392380714417,
      0.7883201837539673,
      0.5653780698776245,
      0.6863464713096619,
      0.7297959327697754,
      1.717134952545166,
      2.730611562728882,
      0.8702874779701233,
      1.5078556537628174,
      0.5524296164512634,
      0.5078966021537781,
      1.481521725654602,
      1.9854929447174072,
      2.010638952255249,
      1.3422999382019043,
      2.1851258277893066,
      1.2373586893081665,
      2.5376157760620117,
      1.5082461833953857,
      1.5854222774505615,
      1.6294478178024292,
      1.2687759399414062,
      1.7288105487823486,
      2.332798957824707,
      2.8635544776916504,
      0.897659182548523,
      1.71097993850708,
      1.0308055877685547,
      0.8966827392578125,
      1.3624534606933594,
      0.44311079382896423,
      1.6983565092086792,
      1.4973340034484863,
      1.7625588178634644
    ]
  },
  "accepted_views": [
    {
      "video_name": "L50_01.mp4",
      "frame_idx": 202,
      "sharp": 65.23574073009006,
      "width_px": 286.02669983506973,
      "cx": 1268.6874389648438,
      "cy": 888.3842468261719,
      "gx": 1,
      "gy": 2,
      "tb": 1.0380552946517045,
      "lr": 0.9963902519690154,
      "roll": -1.90450295469702
    },
    {
      "video_name": "L50_01.mp4",
      "frame_idx": 25,
      "sharp": 35.924714497599446,
      "width_px": 285.3176739210721,
      "cx": 999.5251922607422,
      "cy": 635.5960540771484,
      "gx": 1,
      "gy": 1,
      "tb": 1.0108898836424625,
      "lr": 1.0008297689294559,
      "roll": 42.042268793841906
    },
    {
      "video_name": "L50_01.mp4",
      "frame_idx": 9,
      "sharp": 35.104062497580365,
      "width_px": 285.6860125043222,
      "cx": 996.8039245605469,
      "cy": 629.6157455444336,
      "gx": 1,
      "gy": 1,
      "tb": 1.0043764191447548,
      "lr": 1.00032361725588,
      "roll": 4.419591546817892
    },
    {
      "video_name": "L50_01.mp4",
      "frame_idx": 41,
      "sharp": 30.936942031253118,
      "width_px": 284.7320652039765,
      "cx": 987.1491851806641,
      "cy": 554.9687194824219,
      "gx": 1,
      "gy": 1,
      "tb": 1.0043676537600392,
      "lr": 0.9945236894934597,
      "roll": -13.315337161989866
    },
    {
      "video_name": "L50_01.mp4",
      "frame_idx": 210,
      "sharp": 30.480972146660868,
      "width_px": 286.1623329544142,
      "cx": 1270.4079284667969,
      "cy": 784.9143981933594,
      "gx": 1,
      "gy": 2,
      "tb": 0.991478545311917,
      "lr": 0.9928021720167327,
      "roll": 3.662354064937702
    },
    {
      "video_name": "L50_01.mp4",
      "frame_idx": 1,
      "sharp": 28.40507233534983,
      "width_px": 286.27018653320135,
      "cx": 989.52978515625,
      "cy": 630.598258972168,
      "gx": 1,
      "gy": 1,
      "tb": 1.0038327825619584,
      "lr": 0.9995684661600152,
      "roll": 4.52460534748164
    },
    {
      "video_name": "L50_01.mp4",
      "frame_idx": 218,
      "sharp": 28.04641683863678,
      "width_px": 282.53925952855917,
      "cx": 1231.4410400390625,
      "cy": 759.8112945556641,
      "gx": 1,
      "gy": 2,
      "tb": 0.9775255167140094,
      "lr": 0.9870039846140809,
      "roll": 5.0500899685728955
    },
    {
      "video_name": "L50_01.mp4",
      "frame_idx": 194,
      "sharp": 27.243490056190442,
      "width_px": 283.6207494389087,
      "cx": 1298.1975402832031,
      "cy": 750.6177978515625,
      "gx": 2,
      "gy": 2,
      "tb": 1.032191807584452,
      "lr": 0.9703591792033689,
      "roll": -1.5922558416177457
    },
    {
      "video_name": "L50_02.mp4",
      "frame_idx": 9,
      "sharp": 26.41269386553143,
      "width_px": 281.19250895296966,
      "cx": 792.6226806640625,
      "cy": 596.6923065185547,
      "gx": 1,
      "gy": 1,
      "tb": 1.009315069719119,
      "lr": 1.0006801724430514,
      "roll": -1.9720014724206874
    },
    {
      "video_name": "L50_02.mp4",
      "frame_idx": 542,
      "sharp": 25.54579034373012,
      "width_px": 258.08552424932077,
      "cx": 1063.9076538085938,
      "cy": 462.2151412963867,
      "gx": 1,
      "gy": 1,
      "tb": 1.0265712160780784,
      "lr": 1.005940010037854,
      "roll": -13.924720703996531
    },
    {
      "video_name": "L50_01.mp4",
      "frame_idx": 17,
      "sharp": 25.000017826284168,
      "width_px": 285.20263857223875,
      "cx": 986.4906463623047,
      "cy": 642.7101440429688,
      "gx": 1,
      "gy": 1,
      "tb": 0.9996696840720761,
      "lr": 0.9975459901438415,
      "roll": 12.792316586272959
    },
    {
      "video_name": "L50_02.mp4",
      "frame_idx": 471,
      "sharp": 24.78716527454787,
      "width_px": 279.38024645039377,
      "cx": 1066.0401153564453,
      "cy": 842.4169616699219,
      "gx": 1,
      "gy": 2,
      "tb": 1.0040312502960367,
      "lr": 0.9962060906382689,
      "roll": 1.7652457432304987
    },
    {
      "video_name": "L50_01.mp4",
      "frame_idx": 769,
      "sharp": 23.832952834408797,
      "width_px": 385.32682653335854,
      "cx": 963.7283325195312,
      "cy": 452.14854431152344,
      "gx": 1,
      "gy": 1,
      "tb": 1.0,
      "lr": 0.0,
      "roll": 1.560277118295712
    },
    {
      "video_name": "L50_01.mp4",
      "frame_idx": 73,
      "sharp": 23.765587857486615,
      "width_px": 249.39812658789452,
      "cx": 998.8313446044922,
      "cy": 372.0497512817383,
      "gx": 1,
      "gy": 1,
      "tb": 0.9981303366734449,
      "lr": 0.961302800173326,
      "roll": -2.2742371352293196
    },
    {
      "video_name": "L50_01.mp4",
      "frame_idx": 618,
      "sharp": 22.40614535072651,
      "width_px": 274.6426050730316,
      "cx": 559.2086334228516,
      "cy": 243.72092819213867,
      "gx": 0,
      "gy": 0,
      "tb": 0.9712585969298663,
      "lr": 0.9845523808831458,
      "roll": 0.3412237537390712
    },
    {
      "video_name": "L50_01.mp4",
      "frame_idx": 695,
      "sharp": 21.985775945132094,
      "width_px": 233.42004212111217,
      "cx": 545.1576614379883,
      "cy": 359.7406425476074,
      "gx": 0,
      "gy": 0,
      "tb": 1.0020629482295025,
      "lr": 0.9701353288591394,
      "roll": 7.634507539983411
    },
    {
      "video_name": "L50_01.mp4",
      "frame_idx": 761,
      "sharp": 21.49421006926211,
      "width_px": 272.28296267990555,
      "cx": 943.4671173095703,
      "cy": 536.3043746948242,
      "gx": 1,
      "gy": 1,
      "tb": 0.9743913696952021,
      "lr": 0.9820089414850144,
      "roll": 26.040688663944795
    },
    {
      "video_name": "L50_01.mp4",
      "frame_idx": 281,
      "sharp": 21.428078199815975,
      "width_px": 280.833645312728,
      "cx": 1113.6829833984375,
      "cy": 839.3973083496094,
      "gx": 1,
      "gy": 2,
      "tb": 1.0162233153371527,
      "lr": 1.0040432063755673,