{
  "video_paths": [
    "C:\\Users\\Petro 4 - PC II\\OneDrive - UFSC\\LVA_Petro_Mu\\apriltag_live\\dist_valid_calib\\far_f6_01.mp4",
    "C:\\Users\\Petro 4 - PC II\\OneDrive - UFSC\\LVA_Petro_Mu\\apriltag_live\\dist_valid_calib\\far_f6_02.mp4",
    "C:\\Users\\Petro 4 - PC II\\OneDrive - UFSC\\LVA_Petro_Mu\\apriltag_live\\dist_valid_calib\\far_f6_03.mp4"
  ],
  "image_size": {
    "width": 1920,
    "height": 1080
  },
  "apriltag": {
    "family": "tag36h11",
    "id": 35,
    "tag_size_mm": 45.0
  },
  "selection": {
    "process_every_n_frames": 1,
    "min_tag_width_px": 66.0,
    "min_sharp_abs": 5.0,
    "top_sharpness_keep": 0.7,
    "grid_n": 3,
    "per_cell_keep": 120,
    "target_views": 120,
    "diversity_alpha": 0.8,
    "subpix_win": 11,
    "min_grid_ok": 5,
    "max_calib_views": 40,
    "min_frame_gap": 8,
    "seed_views": 30,
    "seed_min_sharp": 5.0,
    "seed_min_width_px": 66.0
  },
  "calibration": {
    "rms_px": 2.211122973824859,
    "K": [
      [
        3265.8819890079485,
        0.0,
        960.0
      ],
      [
        0.0,
        951.7039702999452,
        540.0
      ],
      [
        0.0,
        0.0,
        1.0
      ]
    ],
    "dist": [
      0.0,
      0.0,
      0.0,
      0.0,
      0.0
    ],
    "per_view_error_px": [
      0.8257042169570923,
      1.4417095184326172,
      3.3068649768829346,
      0.579951286315918,
      1.1097692251205444,
      0.7588387727737427,
      3.690004348754883,
      2.0047569274902344,
      0.8802231550216675,
      1.0445163249969482,
      3.027397394180298,
      3.0474517345428467,
      3.6819674968719482,
      3.2559075355529785,
      1.9551187753677368,
      1.0204845666885376,
      2.4726712703704834,
      2.05358624458313,
      1.2050044536590576,
      2.8026678562164307,
      0.6533846855163574,
      1.218598484992981,
      0.5786130428314209,
      1.846343994140625,
      0.8408154845237732,
      0.8343448638916016,
      0.5885579586029053,
      1.6963906288146973,
      1.0373964309692383,
      4.246322154998779,
      2.932655096054077,
      4.909426689147949,
      2.1454336643218994,
      3.2893567085266113,
      0.4097089469432831,
      1.229042649269104,
      2.8129613399505615,
      0.7670820951461792,
      1.4198062419891357,
      1.7181105613708496
    ]
  },
  "accepted_views": [
    {
      "video_name": "far_f6_01.mp4",
      "frame_idx": 395,
      "sharp": 67.36380468537875,
      "width_px": 79.64603718380752,
      "cx": 1172.6778869628906,
      "cy": 222.7507438659668,
      "gx": 1,
      "gy": 0,
      "tb": 1.0127875049057504,
      "lr": 1.0331819802531277,
      "roll": 15.234953320582923
    },
    {
      "video_name": "far_f6_01.mp4",
      "frame_idx": 269,
      "sharp": 66.32165878651728,
      "width_px": 67.10890176220107,
      "cx": 425.83909606933594,
      "cy": 364.04278564453125,
      "gx": 0,
      "gy": 1,
      "tb": 1.0666860416113326,
      "lr": 0.9134912903622565,
      "roll": -27.480724319250044
    },
    {
      "video_name": "far_f6_01.mp4",
      "frame_idx": 202,
      "sharp": 65.61139124883957,
      "width_px": 71.90472645877463,
      "cx": 536.6841583251953,
      "cy": 758.3203887939453,
      "gx": 0,
      "gy": 2,
      "tb": 0.7982067781773704,
      "lr": 0.9476276141965327,
      "roll": -23.490745848266652
    },
    {
      "video_name": "far_f6_01.mp4",
      "frame_idx": 191,
      "sharp": 64.3931800990189,
      "width_px": 67.71962228024425,
      "cx": 550.4209594726562,
      "cy": 720.7055358886719,
      "gx": 0,
      "gy": 2,
      "tb": 0.9806817007235743,
      "lr": 1.0909336225636712,
      "roll": -11.29365072022416
    },
    {
      "video_name": "far_f6_01.mp4",
      "frame_idx": 441,
      "sharp": 64.39089749680508,
      "width_px": 69.56558093589926,
      "cx": 1129.3300170898438,
      "cy": 229.36486434936523,
      "gx": 1,
      "gy": 0,
      "tb": 1.0413848174707827,
      "lr": 1.0314037523979565,
      "roll": 27.112401167683316
    },
    {
      "video_name": "far_f6_01.mp4",
      "frame_idx": 181,
      "sharp": 64.00245775489383,
      "width_px": 78.37681475250562,
      "cx": 531.0585479736328,
      "cy": 717.4451751708984,
      "gx": 0,
      "gy": 1,
      "tb": 1.0107919188072192,
      "lr": 0.9678031725484763,
      "roll": -2.7112292636586672
    },
    {
      "video_name": "far_f6_01.mp4",
      "frame_idx": 354,
      "sharp": 63.95948526519976,
      "width_px": 73.12833136982866,
      "cx": 833.6732940673828,
      "cy": 196.17514038085938,
      "gx": 1,
      "gy": 0,
      "tb": 0.8025942021258232,
      "lr": 0.9800457506111518,
      "roll": 42.964090212585745
    },
    {
      "video_name": "far_f6_01.mp4",
      "frame_idx": 403,
      "sharp": 63.38225064151917,
      "width_px": 67.78025457902929,
      "cx": 1178.5194091796875,
      "cy": 208.9373321533203,
      "gx": 1,
      "gy": 0,
      "tb": 1.079435776247597,
      "lr": 0.8471558318669947,
      "roll": 16.930208517855935
    },
    {
      "video_name": "far_f6_01.mp4",
      "frame_idx": 284,
      "sharp": 63.04462254318844,
      "width_px": 69.05132726083698,
      "cx": 444.66949462890625,
      "cy": 348.8533706665039,
      "gx": 0,
      "gy": 0,
      "tb": 0.9578232364768723,
      "lr": 1.0869413366768257,
      "roll": -7.503241214407456
    },
    {
      "video_name": "far_f6_01.mp4",
      "frame_idx": 257,
      "sharp": 62.144920716436964,
      "width_px": 71.98729725631978,
      "cx": 368.04683685302734,
      "cy": 384.1596984863281,
      "gx": 0,
      "gy": 1,
      "tb": 0.9967926932395021,
      "lr": 1.0271762306118684,
      "roll": -9.143770226288076
    },
    {
      "video_name": "far_f6_01.mp4",
      "frame_idx": 415,
      "sharp": 61.706548910227106,
      "width_px": 69.67895383607949,
      "cx": 1177.2891845703125,
      "cy": 169.7396240234375,
      "gx": 1,
      "gy": 0,
      "tb": 0.8544030042966896,
      "lr": 1.1319283473057526,
      "roll": 23.798825097014358
    },
    {
      "video_name": "far_f6_01.mp4",
      "frame_idx": 228,
      "sharp": 61.698705758250455,
      "width_px": 66.13274121342094,
      "cx": 396.6372528076172,
      "cy": 589.6136779785156,
      "gx": 0,
      "gy": 1,
      "tb": 1.1338159651474953,
      "lr": 0.8081594313877869,
      "roll": 31.62195299467397
    },
    {
      "video_name": "far_f6_01.mp4",
      "frame_idx": 292,
      "sharp": 60.163885014267905,
      "width_px": 73.44068935787085,
      "cx": 476.5932312011719,
      "cy": 289.7406349182129,
      "gx": 0,
      "gy": 0,
      "tb": 1.2668870022760979,
      "lr": 0.944753323154677,
      "roll": 13.93625625904045
    },
    {
      "video_name": "far_f6_01.mp4",
      "frame_idx": 478,
      "sharp": 59.543204589134646,
      "width_px": 73.64140521323614,
      "cx": 1484.1184692382812,
      "cy": 204.13629913330078,
      "gx": 2,
      "gy": 0,
      "tb": 0.8648854529760591,
      "lr": 0.945989078631749,
      "roll": 2.4804612509980952
    },
    {
      "video_name": "far_f6_01.mp4",
      "frame_idx": 210,
      "sharp": 59.27841971423454,
      "width_px": 75.10810827024696,
      "cx": 514.135871887207,
      "cy": 658.1500244140625,
      "gx": 0,
      "gy": 1,
      "tb": 1.1159436358608943,
      "lr": 0.909140044761032,
      "roll": 13.216341480643107
    },
    {
      "video_name": "far_f6_01.mp4",
      "frame_idx": 218,
      "sharp": 58.41732146320573,
      "width_px": 79.69909275774577,
      "cx": 500.66651916503906,
      "cy": 625.8567047119141,
      "gx": 0,
      "gy": 1,
      "tb": 0.9948609659899376,
      "lr": 1.0282480235068447,
      "roll": -9.50627573286324
    },
    {
      "video_name": "far_f6_01.mp4",
      "frame_idx": 378,
      "sharp": 57.976443408855936,
      "width_px": 68.00059987410883,
      "cx": 1071.4468383789062,
      "cy": 220.50583267211914,
      "gx": 1,
      "gy": 0,
      "tb": 0.8782375335645356,