{
  "video_paths": [
    "C:\\Users\\Petro 4 - PC II\\OneDrive - UFSC\\LVA_Petro_Mu\\apriltag_live\\dist_valid_calib\\close_f2_01.mp4",
    "C:\\Users\\Petro 4 - PC II\\OneDrive - UFSC\\LVA_Petro_Mu\\apriltag_live\\dist_valid_calib\\close_f2_02.mp4"
  ],
  "image_size": {
    "width": 1920,
    "height": 1080
  },
  "apriltag": {
    "family": "tag36h11",
    "id": 35,
    "tag_size_mm": 45.0
  },
  "selection": {
    "process_every_n_frames": 1,
    "min_tag_width_px": 180.0,
    "min_sharp_abs": 12.0,
    "top_sharpness_keep": 0.7,
    "grid_n": 3,
    "per_cell_keep": 120,
    "target_views": 120,
    "diversity_alpha": 0.8,
    "subpix_win": 11,
    "min_grid_ok": 5,
    "max_calib_views": 40,
    "min_frame_gap": 8,
    "seed_views": 30,
    "seed_min_sharp": 12.0,
    "seed_min_width_px": 180.0
  },
  "calibration": {
    "rms_px": 2.332005493071522,
    "K": [
      [
        1600.0,
        0.0,
        960.0
      ],
      [
        0.0,
        1600.0,
        540.0
      ],
      [
        0.0,
        0.0,
        1.0
      ]
    ],
    "dist": [
      0.0,
      0.0,
      0.0,
      0.0,
      0.0
    ],
    "per_view_error_px": [
      0.8936367034912109,
      2.003092050552368,
      1.8732242584228516,
      1.5210453271865845,
      0.9000649452209473,
      1.8408434391021729,
      1.4659554958343506,
      1.0183687210083008,
      0.8082051873207092,
      0.9048861265182495,
      0.5244060754776001,
      0.396592378616333,
      1.0973581075668335,
      2.291825294494629,
      2.950327157974243,
      2.9005818367004395,
      2.216480255126953,
      1.9800643920898438,
      3.038677930831909,
      0.6220892071723938,
      1.7319244146347046,
      2.08001708984375,
      0.19374990463256836,
      2.111511707305908,
      2.983079671859741,
      1.894360065460205,
      2.1242074966430664,
      4.727054595947266,
      1.3228721618652344,
      2.1263957023620605,
      3.9591710567474365,
      3.685734748840332,
      1.4066600799560547,
      0.6470130681991577,
      1.1903510093688965,
      1.6831085681915283,
      2.3389930725097656,
      0.6795740127563477,
      7.019026279449463,
      0.833516538143158
    ]
  },
  "accepted_views": [
    {
      "video_name": "close_f2_02.mp4",
      "frame_idx": 615,
      "sharp": 36.33090674235561,
      "width_px": 235.8632558187432,
      "cx": 994.5686340332031,
      "cy": 560.3296890258789,
      "gx": 1,
      "gy": 1,
      "tb": 1.0120695206371169,
      "lr": 1.0004046281179317,
      "roll": -26.729005821870643
    },
    {
      "video_name": "close_f2_02.mp4",
      "frame_idx": 244,
      "sharp": 35.15652735797177,
      "width_px": 213.75535542796104,
      "cx": 1400.2484741210938,
      "cy": 338.15997314453125,
      "gx": 2,
      "gy": 0,
      "tb": 1.005520486724449,
      "lr": 1.000200939331448,
      "roll": -44.466298809731505
    },
    {
      "video_name": "close_f2_02.mp4",
      "frame_idx": 575,
      "sharp": 31.73299517955085,
      "width_px": 226.28831036980336,
      "cx": 782.8512573242188,
      "cy": 516.4135971069336,
      "gx": 1,
      "gy": 1,
      "tb": 1.0027654681160476,
      "lr": 1.0069395807446242,
      "roll": 2.6425869179864754
    },
    {
      "video_name": "close_f2_01.mp4",
      "frame_idx": 610,
      "sharp": 30.4456322146399,
      "width_px": 249.52855230581764,
      "cx": 416.5182647705078,
      "cy": 441.4714584350586,
      "gx": 0,
      "gy": 1,
      "tb": 0.9930307204840905,
      "lr": 1.0044772308876115,
      "roll": -12.148357094169658
    },
    {
      "video_name": "close_f2_02.mp4",
      "frame_idx": 453,
      "sharp": 29.965674608939402,
      "width_px": 226.33643186647055,
      "cx": 848.7444000244141,
      "cy": 334.0249328613281,
      "gx": 1,
      "gy": 0,
      "tb": 1.0055909000455936,
      "lr": 0.9964719536014127,
      "roll": 33.87909698112795
    },
    {
      "video_name": "close_f2_02.mp4",
      "frame_idx": 236,
      "sharp": 29.689095956530203,
      "width_px": 195.4264526194845,
      "cx": 1415.72998046875,
      "cy": 339.2527503967285,
      "gx": 2,
      "gy": 0,
      "tb": 1.0183928818262717,
      "lr": 1.0253221768738532,
      "roll": 21.651732272398927
    },
    {
      "video_name": "close_f2_02.mp4",
      "frame_idx": 85,
      "sharp": 28.791102775276975,
      "width_px": 222.59821758830049,
      "cx": 1052.6824188232422,
      "cy": 761.9969787597656,
      "gx": 1,
      "gy": 2,
      "tb": 0.9964671847643873,
      "lr": 0.9916690069460182,
      "roll": 44.057410039123795
    },
    {
      "video_name": "close_f2_02.mp4",
      "frame_idx": 199,
      "sharp": 28.764016164989503,
      "width_px": 228.0841998043192,
      "cx": 792.8685913085938,
      "cy": 328.0794334411621,
      "gx": 1,
      "gy": 0,
      "tb": 0.9995899333281854,
      "lr": 0.9979184236702835,
      "roll": 10.995763620406874
    },
    {
      "video_name": "close_f2_02.mp4",
      "frame_idx": 327,
      "sharp": 28.134900928666276,
      "width_px": 232.5246992842564,
      "cx": 1625.2830505371094,
      "cy": 794.4010620117188,
      "gx": 2,
      "gy": 2,
      "tb": 0.994836579013015,
      "lr": 0.9930973597147055,
      "roll": 6.13662724763733
    },
    {
      "video_name": "close_f2_02.mp4",
      "frame_idx": 461,
      "sharp": 28.08693526542674,
      "width_px": 230.49892686055162,
      "cx": 884.2888336181641,
      "cy": 371.21397399902344,
      "gx": 1,
      "gy": 1,
      "tb": 1.0171888009786076,
      "lr": 0.9854760253387037,
      "roll": 40.203717250664035
    },
    {
      "video_name": "close_f2_02.mp4",
      "frame_idx": 163,
      "sharp": 27.858365517279832,
      "width_px": 226.74782297665593,
      "cx": 502.53977966308594,
      "cy": 180.5365972518921,
      "gx": 0,
      "gy": 0,
      "tb": 1.0005582540274578,
      "lr": 1.0042185547777909,
      "roll": 14.556534272281754
    },
    {
      "video_name": "close_f2_02.mp4",
      "frame_idx": 383,
      "sharp": 27.816097397247347,
      "width_px": 225.81681793567958,
      "cx": 609.5774917602539,
      "cy": 793.3441772460938,
      "gx": 0,
      "gy": 2,
      "tb": 0.9994554448351161,
      "lr": 1.000990011638962,
      "roll": -18.138672888631927
    },
    {
      "video_name": "close_f2_02.mp4",
      "frame_idx": 399,
      "sharp": 27.66062661173745,
      "width_px": 226.25309296737493,
      "cx": 408.25756072998047,
      "cy": 825.4515228271484,
      "gx": 0,
      "gy": 2,
      "tb": 1.0162299434765238,
      "lr": 1.0124774914946177,
      "roll": -2.4308820704440697
    },
    {
      "video_name": "close_f2_01.mp4",
      "frame_idx": 602,
      "sharp": 27.323610588028146,
      "width_px": 225.0001264320204,
      "cx": 281.0341987609863,
      "cy": 278.25299072265625,
      "gx": 0,
      "gy": 0,
      "tb": 0.9924818944359777,
      "lr": 0.9941735254765913,
      "roll": -16.670417356111578
    },
    {
      "video_name": "close_f2_01.mp4",
      "frame_idx": 276,
      "sharp": 27.066089395762326,
      "width_px": 198.5234357897735,
      "cx": 427.30406951904297,
      "cy": 288.4765319824219,
      "gx": 0,
      "gy": 0,
      "tb": 0.9976716626946114,
      "lr": 1.014722061633297,
      "roll": 5.807819032187353
    },
    {
      "video_name": "close_f2_01.mp4",
      "frame_idx": 618,
      "sharp": 26.926873035250317,
      "width_px": 237.48455507151004,
      "cx": 491.23148345947266,
      "cy": 435.7674331665039,
      "gx": 0,
      "gy": 1,
      "tb": 0.9836489823168978,
      "lr": 1.0139959849612732,
      "roll": -10.737300747249822
    },
    {
      "video_name": "close_f2_02.mp4",
      "frame_idx": 591,
      "sharp": 25.41801497491744,
      "width_px": 224.88126635871288,
      "cx": 840.7735748291016,
      "cy": 629.443603515625,
      "gx": 1,
      "gy": 1,
      "tb": 1.0302236559260574,
      "lr": 0.9907447141468165,