{
  "video_paths": [
    "C:\\Users\\Petro 4 - PC II\\OneDrive - UFSC\\LVA_Petro_Mu\\apriltag_live\\dist_valid_calib\\far_f6_01.mp4",
    "C:\\Users\\Petro 4 - PC II\\OneDrive - UFSC\\LVA_Petro_Mu\\apriltag_live\\dist_valid_calib\\far_f6_02.mp4",
    "C:\\Users\\Petro 4 - PC II\\OneDrive - UFSC\\LVA_Petro_Mu\\apriltag_live\\dist_valid_calib\\far_f6_03.mp4"
  ],
  "image_size": {
    "width": 1920,
    "height": 1080
  },
  "apriltag": {
    "family": "tag36h11",
    "id": 35,
    "tag_size_mm": 45.0
  },
  "selection": {
    "process_every_n_frames": 1,
    "min_tag_width_px": 60.0,
    "min_sharp_abs": 5.0,
    "top_sharpness_keep": 0.7,
    "grid_n": 3,
    "per_cell_keep": 120,
    "target_views": 120,
    "diversity_alpha": 0.8,
    "subpix_win": 11,
    "min_grid_ok": 5,
    "max_calib_views": 40,
    "min_frame_gap": 8,
    "seed_views": 30,
    "seed_min_sharp": 5.0,
    "seed_min_width_px": 60.0
  },
  "calibration": {
    "rms_px": 2.1480994873508674,
    "K": [
      [
        4451.715712086621,
        0.0,
        960.0
      ],
      [
        0.0,
        965.1159794013973,
        540.0
      ],
      [
        0.0,
        0.0,
        1.0
      ]
    ],
    "dist": [
      0.0,
      0.0,
      0.0,
      0.0,
      0.0
    ],
    "per_view_error_px": [
      2.631558895111084,
      0.8503056764602661,
      0.8540477156639099,
      0.9747402667999268,
      0.9118590354919434,
      2.442945957183838,
      1.001305103302002,
      1.393004298210144,
      1.1252522468566895,
      1.5945013761520386,
      0.7888020277023315,
      1.998169183731079,
      2.2984495162963867,
      1.8178431987762451,
      1.0260382890701294,
      3.003145217895508,
      1.872985601425171,
      1.605803370475769,
      1.3429898023605347,
      2.330354690551758,
      1.0259191989898682,
      1.2585283517837524,
      0.5516613721847534,
      2.988615036010742,
      1.2870460748672485,
      0.6008185744285583,
      1.8665716648101807,
      0.835142970085144,
      1.6935734748840332,
      0.839887261390686,
      6.018655776977539,
      4.239557266235352,
      2.927208423614502,
      3.284205913543701,
      1.2399625778198242,
      2.8050243854522705,
      3.437729597091675,
      0.7121443152427673,
      0.9538071155548096,
      2.6160902976989746
    ]
  },
  "accepted_views": [
    {
      "video_name": "far_f6_01.mp4",
      "frame_idx": 273,
      "sharp": 69.32587084867073,
      "width_px": 74.83513423474594,
      "cx": 438.9991989135742,
      "cy": 367.8003387451172,
      "gx": 0,
      "gy": 1,
      "tb": 0.8777763908040036,
      "lr": 0.8751384171870269,
      "roll": -32.499106385357095
    },
    {
      "video_name": "far_f6_01.mp4",
      "frame_idx": 281,
      "sharp": 68.43532667723395,
      "width_px": 60.05591926550876,
      "cx": 448.36869049072266,
      "cy": 354.8800354003906,
      "gx": 0,
      "gy": 0,
      "tb": 1.0802981828856675,
      "lr": 0.9735383427805285,
      "roll": -39.73323688443372
    },
    {
      "video_name": "far_f6_01.mp4",
      "frame_idx": 395,
      "sharp": 67.36380468537875,
      "width_px": 79.64603718380752,
      "cx": 1172.6778869628906,
      "cy": 222.7507438659668,
      "gx": 1,
      "gy": 0,
      "tb": 1.0127875049057504,
      "lr": 1.0331819802531277,
      "roll": 15.234953320582923
    },
    {
      "video_name": "far_f6_01.mp4",
      "frame_idx": 329,
      "sharp": 66.50390351131504,
      "width_px": 65.0735633444574,
      "cx": 864.5991363525391,
      "cy": 210.18272018432617,
      "gx": 1,
      "gy": 0,
      "tb": 1.0039173680989815,
      "lr": 0.9955197026326904,
      "roll": -39.42375755532101
    },
    {
      "video_name": "far_f6_01.mp4",
      "frame_idx": 188,
      "sharp": 66.27940980674467,
      "width_px": 63.05931125871908,
      "cx": 551.0932388305664,
      "cy": 707.2415924072266,
      "gx": 0,
      "gy": 1,
      "tb": 0.9745943681941226,
      "lr": 1.0375215876283284,
      "roll": -15.520603078204589
    },
    {
      "video_name": "far_f6_01.mp4",
      "frame_idx": 337,
      "sharp": 66.07885653888836,
      "width_px": 75.50689470655001,
      "cx": 859.7691650390625,
      "cy": 205.26752090454102,
      "gx": 1,
      "gy": 0,
      "tb": 0.8989233656916223,
      "lr": 0.9727659893198545,
      "roll": 19.035903742945877
    },
    {
      "video_name": "far_f6_01.mp4",
      "frame_idx": 196,
      "sharp": 65.82280737150262,
      "width_px": 62.792751546543485,
      "cx": 556.0799407958984,
      "cy": 740.7367248535156,
      "gx": 0,
      "gy": 2,
      "tb": 0.8949007197596017,
      "lr": 0.9493213665954084,
      "roll": -33.54409858307005
    },
    {
      "video_name": "far_f6_01.mp4",
      "frame_idx": 476,
      "sharp": 64.47344651799877,
      "width_px": 75.27870605851474,
      "cx": 1481.1218566894531,
      "cy": 172.68232345581055,
      "gx": 2,
      "gy": 0,
      "tb": 0.9754692875785389,
      "lr": 1.128033435232958,
      "roll": 15.923979951504611
    },
    {
      "video_name": "far_f6_01.mp4",
      "frame_idx": 441,
      "sharp": 64.39089749680508,
      "width_px": 69.56558093589926,
      "cx": 1129.3300170898438,
      "cy": 229.36486434936523,
      "gx": 1,
      "gy": 0,
      "tb": 1.0413848174707827,
      "lr": 1.0314037523979565,
      "roll": 27.112401167683316
    },
    {
      "video_name": "far_f6_01.mp4",
      "frame_idx": 353,
      "sharp": 64.30732764003425,
      "width_px": 65.61259583562457,
      "cx": 839.4761657714844,
      "cy": 194.60028076171875,
      "gx": 1,
      "gy": 0,
      "tb": 0.9871485291900772,
      "lr": 1.1109017496413023,
      "roll": -36.09154186288824
    },
    {
      "video_name": "far_f6_01.mp4",
      "frame_idx": 180,
      "sharp": 63.809349315185734,
      "width_px": 76.89408662862797,
      "cx": 529.0312805175781,
      "cy": 716.0490264892578,
      "gx": 0,
      "gy": 1,
      "tb": 1.018266357566963,
      "lr": 0.9618458518417492,
      "roll": -0.04281741913457563
    },
    {
      "video_name": "far_f6_01.mp4",
      "frame_idx": 403,
      "sharp": 63.38225064151917,
      "width_px": 67.78025457902929,
      "cx": 1178.5194091796875,
      "cy": 208.9373321533203,
      "gx": 1,
      "gy": 0,
      "tb": 1.079435776247597,
      "lr": 0.8471558318669947,
      "roll": 16.930208517855935
    },
    {
      "video_name": "far_f6_01.mp4",
      "frame_idx": 345,
      "sharp": 62.50244769138057,
      "width_px": 68.49270495918945,
      "cx": 853.1647796630859,
      "cy": 214.23832321166992,
      "gx": 1,
      "gy": 0,
      "tb": 0.8780685549896813,
      "lr": 1.108253025681886,
      "roll": 30.059207192537748
    },
    {
      "video_name": "far_f6_01.mp4",
      "frame_idx": 289,
      "sharp": 62.48559955150254,
      "width_px": 66.66664377795577,
      "cx": 464.14395904541016,
      "cy": 314.47684478759766,
      "gx": 0,
      "gy": 0,
      "tb": 1.1229095463939567,
      "lr": 0.8698577065871734,
      "roll": 14.786058803292761
    },
    {
      "video_name": "far_f6_01.mp4",
      "frame_idx": 257,
      "sharp": 62.144920716436964,
      "width_px": 71.98729725631978,
      "cx": 368.04683685302734,
      "cy": 384.1596984863281,
      "gx": 0,
      "gy": 1,
      "tb": 0.9967926932395021,
      "lr": 1.0271762306118684,
      "roll": -9.143770226288076
    },
    {
      "video_name": "far_f6_01.mp4",
      "frame_idx": 228,
      "sharp": 61.698705758250455,
      "width_px": 66.13274121342094,
      "cx": 396.6372528076172,
      "cy": 589.6136779785156,
      "gx": 0,
      "gy": 1,
      "tb": 1.1338159651474953,
      "lr": 0.8081594313877869,
      "roll": 31.62195299467397
    },
    {
      "video_name": "far_f6_01.mp4",
      "frame_idx": 411,
      "sharp": 61.306536871662324,
      "width_px": 65.30236829891598,
      "cx": 1183.6752319335938,
      "cy": 204.09149551391602,
      "gx": 1,
      "gy": 0,
      "tb": 1.1065414825157274,