{
  "video_paths": [
    "C:\\Users\\Petro 4 - PC II\\OneDrive - UFSC\\LVA_Petro_Mu\\apriltag_live\\L50_01.mp4",
    "C:\\Users\\Petro 4 - PC II\\OneDrive - UFSC\\LVA_Petro_Mu\\apriltag_live\\L50_02.mp4"
  ],
  "image_size": {
    "width": 1920,
    "height": 1080
  },
  "apriltag": {
    "family": "tag36h11",
    "id": 35,
    "tag_size_mm": 28.0
  },
  "selection": {
    "process_every_n_frames": 1,
    "min_tag_width_px": 220.0,
    "min_sharp_abs": 10.0,
    "top_sharpness_keep": 0.7,
    "grid_n": 3,
    "per_cell_keep": 120,
    "target_views": 120,
    "diversity_alpha": 0.2,
    "subpix_win": 11,
    "min_grid_ok": 5,
    "max_calib_views": 80,
    "min_frame_gap": 8,
    "seed_views": 30,
    "seed_min_sharp": 15.0,
    "seed_min_width_px": 240.0
  },
  "calibration": {
    "rms_px": 1.3194150842881163,
    "K": [
      [
        12098.535267028794,
        0.0,
        46.347236477253084
      ],
      [
        0.0,
        12646.010441208186,
        103.38307605404032
      ],
      [
        0.0,
        0.0,
        1.0
      ]
    ],
    "dist": [
      5.5958114676327,
      -206.41331144694095,
      0.0,
      0.0,
      2105.4131894695565
    ],
    "per_view_error_px": [
      1.1932651996612549,
      0.6884088516235352,
      0.4085550904273987,
      0.14807623624801636,
      0.5252708792686462,
      1.7417024374008179,
      0.4588426947593689,
      1.0343198776245117,
      0.5742003917694092,
      0.3209015727043152,
      2.8620047569274902,
      1.3946645259857178,
      2.6149797439575195,
      0.8436484336853027,
      1.4953677654266357,
      0.5819369554519653,
      0.39873266220092773,
      0.49497926235198975,
      1.7573449611663818,
      0.2533136308193207,
      1.3211867809295654,
      1.0511009693145752,
      3.0371451377868652,
      0.992241621017456,
      1.687520980834961,
      0.6723974943161011,
      0.48045608401298523,
      1.650389552116394,
      0.6838710308074951,
      1.2191716432571411
    ]
  },
  "accepted_views": [
    {
      "video_name": "L50_01.mp4",
      "frame_idx": 202,
      "sharp": 65.23574073009006,
      "width_px": 286.02669983506973,
      "cx": 1268.6874389648438,
      "cy": 888.3842468261719,
      "gx": 1,
      "gy": 2,
      "tb": 1.0380552946517045,
      "lr": 0.9963902519690154,
      "roll": -1.90450295469702
    },
    {
      "video_name": "L50_01.mp4",
      "frame_idx": 25,
      "sharp": 35.924714497599446,
      "width_px": 285.3176739210721,
      "cx": 999.5251922607422,
      "cy": 635.5960540771484,
      "gx": 1,
      "gy": 1,
      "tb": 1.0108898836424625,
      "lr": 1.0008297689294559,
      "roll": 42.042268793841906
    },
    {
      "video_name": "L50_01.mp4",
      "frame_idx": 9,
      "sharp": 35.104062497580365,
      "width_px": 285.6860125043222,
      "cx": 996.8039245605469,
      "cy": 629.6157455444336,
      "gx": 1,
      "gy": 1,
      "tb": 1.0043764191447548,
      "lr": 1.00032361725588,
      "roll": 4.419591546817892
    },
    {
      "video_name": "L50_01.mp4",
      "frame_idx": 41,
      "sharp": 30.936942031253118,
      "width_px": 284.7320652039765,
      "cx": 987.1491851806641,
      "cy": 554.9687194824219,
      "gx": 1,
      "gy": 1,
      "tb": 1.0043676537600392,
      "lr": 0.9945236894934597,
      "roll": -13.315337161989866
    },
    {
      "video_name": "L50_01.mp4",
      "frame_idx": 210,
      "sharp": 30.480972146660868,
      "width_px": 286.1623329544142,
      "cx": 1270.4079284667969,
      "cy": 784.9143981933594,
      "gx": 1,
      "gy": 2,
      "tb": 0.991478545311917,
      "lr": 0.9928021720167327,
      "roll": 3.662354064937702
    },
    {
      "video_name": "L50_01.mp4",
      "frame_idx": 194,
      "sharp": 27.243490056190442,
      "width_px": 283.6207494389087,
      "cx": 1298.1975402832031,
      "cy": 750.6177978515625,
      "gx": 2,
      "gy": 2,
      "tb": 1.032191807584452,
      "lr": 0.9703591792033689,
      "roll": -1.5922558416177457
    },
    {
      "video_name": "L50_02.mp4",
      "frame_idx": 9,
      "sharp": 26.41269386553143,
      "width_px": 281.19250895296966,
      "cx": 792.6226806640625,
      "cy": 596.6923065185547,
      "gx": 1,
      "gy": 1,
      "tb": 1.009315069719119,
      "lr": 1.0006801724430514,
      "roll": -1.9720014724206874
    },
    {
      "video_name": "L50_02.mp4",
      "frame_idx": 542,
      "sharp": 25.54579034373012,
      "width_px": 258.08552424932077,
      "cx": 1063.9076538085938,
      "cy": 462.2151412963867,
      "gx": 1,
      "gy": 1,
      "tb": 1.0265712160780784,
      "lr": 1.005940010037854,
      "roll": -13.924720703996531
    },
    {
      "video_name": "L50_01.mp4",
      "frame_idx": 358,
      "sharp": 24.532061628760818,
      "width_px": 275.8139590829598,
      "cx": 998.7401580810547,
      "cy": 682.0400543212891,
      "gx": 1,
      "gy": 1,
      "tb": 1.0105833183873691,
      "lr": 1.0051537620151076,
      "roll": 3.011799773856879
    },
    {
      "video_name": "L50_01.mp4",
      "frame_idx": 33,
      "sharp": 24.142226080246914,
      "width_px": 283.72705269880447,
      "cx": 983.1690673828125,
      "cy": 555.5625762939453,
      "gx": 1,
      "gy": 1,
      "tb": 1.001539119523623,
      "lr": 0.99422978922969,
      "roll": 11.07778940249412
    },
    {
      "video_name": "L50_01.mp4",
      "frame_idx": 769,
      "sharp": 23.832952834408797,
      "width_px": 385.32682653335854,
      "cx": 963.7283325195312,
      "cy": 452.14854431152344,
      "gx": 1,
      "gy": 1,
      "tb": 1.0,
      "lr": 0.0,
      "roll": 1.560277118295712
    },
    {
      "video_name": "L50_01.mp4",
      "frame_idx": 73,
      "sharp": 23.765587857486615,
      "width_px": 249.39812658789452,
      "cx": 998.8313446044922,
      "cy": 372.0497512817383,
      "gx": 1,
      "gy": 1,
      "tb": 0.9981303366734449,
      "lr": 0.961302800173326,
      "roll": -2.2742371352293196
    },
    {
      "video_name": "L50_02.mp4",
      "frame_idx": 726,
      "sharp": 22.069046532287505,
      "width_px": 244.56731526361654,
      "cx": 867.6675262451172,
      "cy": 656.7271575927734,
      "gx": 1,
      "gy": 1,
      "tb": 1.018747250149494,
      "lr": 1.0335446742944008,
      "roll": 11.526657907318995
    },
    {
      "video_name": "L50_01.mp4",
      "frame_idx": 695,
      "sharp": 21.985775945132094,
      "width_px": 233.42004212111217,
      "cx": 545.1576614379883,
      "cy": 359.7406425476074,
      "gx": 0,
      "gy": 0,
      "tb": 1.0020629482295025,
      "lr": 0.9701353288591394,
      "roll": 7.634507539983411
    },
    {
      "video_name": "L50_01.mp4",
      "frame_idx": 761,
      "sharp": 21.49421006926211,
      "width_px": 272.28296267990555,
      "cx": 943.4671173095703,
      "cy": 536.3043746948242,
      "gx": 1,
      "gy": 1,
      "tb": 0.9743913696952021,
      "lr": 0.9820089414850144,
      "roll": 26.040688663944795
    },
    {
      "video_name": "L50_02.mp4",
      "frame_idx": 463,
      "sharp": 21.459999920137065,
      "width_px": 277.83285219033996,
      "cx": 1025.8894805908203,
      "cy": 819.7680969238281,
      "gx": 1,
      "gy": 2,
      "tb": 1.0001321666531924,
      "lr": 0.9974794556506551,
      "roll": -0.09488648106781693
    },
    {
      "video_name": "L50_01.mp4",
      "frame_idx": 281,
      "sharp": 21.428078199815975,
      "width_px": 280.833645312728,
      "cx": 1113.6829833984375,
      "cy": 839.3973083496094,
      "gx": 1,
      "gy": 2,
      "tb": 1.0162233153371527,
      "lr": 1.0040432063755673,
      "roll": 8.033097726407352
    },
    {
      "video_name": "L50_01.mp4",
      "frame_idx": 499,
      "sharp": 21.30289107558639,
      "width_px": 261.82961232613775,
      "cx": 566.7348251342773,
      "cy": 713.15478515625,
      "gx": 0,
      "gy": 1,
      "tb": 0.996139738465602,
      "lr": 0.9809152143253115,
      "roll": 10.205222148681209
    },
    {
      "video_name": "L50_01.mp4",